"PRI.ACCESSION"	"PRIMIRNA"	"Status"	"PRI.SEQUENCE"	"ACCESSION"	"MIRNA"	"SEQUENCE"	"DUPLI.ID"	"MOTIF.13"	"POS.MIRNA"	"DUPLI.MIRNA"
"MI0010240"	"cte-mir-2000"	"UNCHANGED"	"CTTCGCATTTCTTACCTGGAAGTTGGGATGGCTTTTATTTACATCTTGTAAAAGTCTTCACTACTTTCAGTTCGGAGATGTGTCT"	"MIMAT0009711"	"cte-miR-2000"	"AAAGTCTTCACTACTTTCAGTT"	""	"TCTTCACTACTTT"	"cte-miR-2000[5,18]"	NA
"MI0010068"	"cte-mir-100"	"UNCHANGED"	"AATGTCTGCCAAGTAGCGGGAACCCGTACAACCGAACTTGTGTTTTCTGCGAAAGACCACAAGCTCGCTTTTACGGGTGTGCGTTGCTGTGGGCCTCTCGG"	"MIMAT0009524"	"cte-miR-100"	"AACCCGTACAACCGAACTTGTG"	""	"CGTACAACCGAAC"	"cte-miR-100[5,18]"	NA
"MI0012142"	"cte-mir-2699"	"UNCHANGED"	"TCTCGCGTGAAATCAACGGCCGCATATTATAAATCACTTATTTGAATGTGGTTTGTGATATTCGGCCTAAGATTACCACTCGTAA"	"MIMAT0013561"	"cte-miR-2699-5p"	"AACGGCCGCATATTATAAATCA"	""	"GCCGCATATTATA"	"cte-miR-2699-5p[5,18]"	NA
"MI0010077"	"cte-mir-193"	"UNCHANGED"	"TGACGTGGCATAAGACGAGGTCTTGACGATCCAGTCGGGGGTTTGAGTCCTAACTGGCCCGTCAAGTCCCTCCCAATGCCACGGCC"	"MIMAT0009533"	"cte-miR-193"	"AACTGGCCCGTCAAGTCCCTCC"	""	"GGCCCGTCAAGTC"	"cte-miR-193[5,18]"	NA
"MI0012120"	"cte-mir-2686a"	NA	"GACCGATTTGAGTACCTATATTGCGAATCATCTATCCTTTCAAATCGGAAGATGTTCTCAATGTAGGCTTCTTAAGTCGCGA"	"MIMAT0013536"	"cte-miR-2686a-3p"	"AAGATGTTCTCAATGTAGGCTT"	""	"TGTTCTCAATGTA"	"cte-miR-2686a-3p[5,18]"	NA
"MI0012122"	"cte-mir-2686c"	"UNCHANGED"	"TATCACAAGAACCTATATTTGGGACAGCTCTCATGGAACTCTTGATATCATAGAAAGATGTTCTTAATGTAGGTTTCTTGTGCTG"	"MIMAT0013538"	"cte-miR-2686c"	"AAGATGTTCTTAATGTAGGTT"	""	"ATGTTCTTAATGT"	"cte-miR-2686c[4,17]"	NA
"MI0012121"	"cte-mir-2686b"	"UNCHANGED"	"TTTTAGTGCCTTTATATGGAACCATCTATCCTTATATCGATTGGAAGATGTTCTTTATGTAGGCTCCTGTTC"	"MIMAT0013537"	"cte-miR-2686b"	"AAGATGTTCTTTATGTAGGCTCC"	""	"TGTTCTTTATGTA"	"cte-miR-2686b[5,18]"	NA
"MI0010214"	"cte-mir-2d-1"	"UNCHANGED"	"CACCCTCATTGAGAACCTGCACTTGATCAAGGTGGCTGTGTCTTGTGTCCACTGCTTCAAATCACAGCCTGCTTTGGTCATTTGCTGGTTTTTCATCACC"	"MIMAT0009678"	"cte-miR-2d-1-2"	"AATCACAGCCTGCTTTGGTCAT"	""	"ACAGCCTGCTTTG"	"cte-miR-2d-1-2[5,18]"	NA
"MI0031757"	"cte-mir-2d-2"	"UNCHANGED"	"CACCCTCATTGAGAACCTGCACTTGATCAAGGTGGCTGTGTCTTGTGTCCACTGCTTCAAATCACAGCCTGCTTTGGTCATTTGCTGGTTTTTCATCACC"	"MIMAT0009678"	"cte-miR-2d-1-2"	"AATCACAGCCTGCTTTGGTCAT"	""	"ACAGCCTGCTTTG"	"cte-miR-2d-1-2[5,18]"	NA
"MI0010065"	"cte-mir-92b"	"UNCHANGED"	"CGCATGGCGTCGTTGAATCGGAGGGTCCGGATGGTGCAAGTTGTTAAAACAAGTTGGTCAAATTGCACTGTTCCCGGCCTGCTGATCTCACTCGGCCGATA"	"MIMAT0009521"	"cte-miR-92b"	"AATTGCACTGTTCCCGGCCTGC"	""	"GCACTGTTCCCGG"	"cte-miR-92b[5,18]"	NA
"MI0012147"	"cte-mir-2704"	"UNCHANGED"	"AACGAAGTCCATTTTAACATGCAAAATTGACCCGGGTTTTAGTTGAAGATTGAACCCGAGCCATTTCTGCTTGTTCTGATGGCCTCACT"	"MIMAT0013569"	"cte-miR-2704"	"ACATGCAAAATTGACCCGGGTT"	""	"GCAAAATTGACCC"	"cte-miR-2704[5,18]"	NA
"MI0012120"	"cte-mir-2686a"	"UNCHANGED"	"GACCGATTTGAGTACCTATATTGCGAATCATCTATCCTTTCAAATCGGAAGATGTTCTCAATGTAGGCTTCTTAAGTCGCGA"	"MIMAT0013535"	"cte-miR-2686a-5p"	"ACCTATATTGCGAATCATCTATC"	""	"ATATTGCGAATCA"	"cte-miR-2686a-5p[5,18]"	NA
"MI0010232"	"cte-mir-1987"	"UNCHANGED"	"AATCACGACTTTACTTCTGAGCATCTTGTTCTTGGCTGCAAACTGCCAGATGTAATGTTGTGCACGAA"	"MIMAT0009703"	"cte-miR-1987"	"ACTGCCAGATGTAATGTTGTGC"	""	"CCAGATGTAATGT"	"cte-miR-1987[5,18]"	NA
"MI0012164"	"cte-mir-2717"	"UNCHANGED"	"CATGGTGCAGACGACGTCTGGTGATGCGATGGAGATACAGACAAGAACAGTGCAAGCAGAAGACGCGTCTGGCAACCTTA"	"MIMAT0013586"	"cte-miR-2717"	"AGACGACGTCTGGTGATGCGATG"	""	"GACGTCTGGTGAT"	"cte-miR-2717[5,18]"	NA
"MI0010076"	"cte-mir-190"	"UNCHANGED"	"ACCCACTGCCTCCTCTCGGCAAGATATGTTTGATATATTTGGTGGTGCCTCTTACAGTCCACCAGATATCAAACATGTCATGTGGAGGGTGGCTGTACACT"	"MIMAT0009532"	"cte-miR-190"	"AGATATGTTTGATATATTTGGTGG"	""	"TGTTTGATATATT"	"cte-miR-190[6,19]"	NA
"MI0012139"	"cte-mir-2697"	"UNCHANGED"	"AAGTAGCTGGCTGAGCTATGTCCATCCGCCATCCGTTGCAATGATCGGATGTCAGCTGGACATATCACAGAAAGCTCTT"	"MIMAT0013558"	"cte-miR-2697"	"AGCTATGTCCATCCGCCATCCG"	""	"ATGTCCATCCGCC"	"cte-miR-2697[5,18]"	NA
"MI0010089"	"cte-mir-745a"	"UNCHANGED"	"GAGGACAGTACGGCTCTTTATCTGGTAGACTTGTGCAAACGCCCCAAGCTGCCTGGTAAAGAGCTGTCTCGTCGCAA"	"MIMAT0009545"	"cte-miR-745a"	"AGCTGCCTGGTAAAGAGCTGTC"	""	"GCCTGGTAAAGAG"	"cte-miR-745a[5,18]"	NA
"MI0010059"	"cte-mir-31"	"UNCHANGED"	"GCGATCTCAGGGCACAGACCAGGCAAGATGTTGGCATAGCTGATTTACACTCTGTGGTCAGCTCTGTCGCATATTGCCCCCTCTGGGCCCAGACTAACATC"	"MIMAT0009515"	"cte-miR-31"	"AGGCAAGATGTTGGCATAGCT"	""	"CAAGATGTTGGCA"	"cte-miR-31[4,17]"	NA
"MI0010093"	"cte-mir-1175"	"UNCHANGED"	"TGCTTGAGATTAGTGGAGAGAGTTTTATCTCATCGAGCTTGATTTGGGTGAGATTCAACTCCTCCAACTGCTCTCACACTGAATTTG"	"MIMAT0009549"	"cte-miR-1175-5p"	"AGTGGAGAGAGTTTTATCTCAT"	""	"GAGAGAGTTTTAT"	"cte-miR-1175-5p[5,18]"	NA
"MI0012152"	"cte-mir-2707"	"UNCHANGED"	"CTGTGTGTAAAGTGCCTGTCAAGCTGATTAAGTATTGATGCAACACGATGAATACTTATTCAGCTTCTGACAGTTGGTTTCCACAACT"	"MIMAT0013574"	"cte-miR-2707"	"ATACTTATTCAGCTTCTGACAGTT"	""	"TATTCAGCTTCTG"	"cte-miR-2707[6,19]"	NA
"MI0010241"	"cte-mir-1996b"	"UNCHANGED"	"GTTTCTAGCGTCTTCCAGCATCAAGTGAGGTCAGATCTTGGGTAATGGTACTATTTGGCGACCCAGGATTACTGTTCTCAACTGACGCTGGCAGACTGCT"	"MIMAT0009712"	"cte-miR-1996b"	"ATCAAGTGAGGTCAGATCTTGG"	""	"AGTGAGGTCAGAT"	"cte-miR-1996b[5,18]"	NA
"MI0010066"	"cte-mir-92c"	"UNCHANGED"	"ATTATTACGTCAGTGAAGGAGGTCGTGACAAGCGGCAATCCTGGTCTGGCTGATGCTCCAATTGCACTTGTCCCGGCCTGCTCAGACTGACCTCTCACGTC"	"MIMAT0009522"	"cte-miR-92c"	"ATTGCACTTGTCCCGGCCTGCT"	""	"CACTTGTCCCGGC"	"cte-miR-92c[5,18]"	NA
"MI0012148"	"cte-mir-216c"	"UNCHANGED"	"TAGTCGTCTAATCTCAACTGGTAAAATTGAGCTCTGCTGCCTGTCGCTCCAAAGGCTCAAGTTACTTGTTGGGATTATGCGAAGT"	"MIMAT0013570"	"cte-miR-216c"	"CAAGTTACTTGTTGGGATTATG"	""	"TTACTTGTTGGGA"	"cte-miR-216c[5,18]"	NA
"MI0010091"	"cte-mir-750"	"UNCHANGED"	"CCAGGTGCGATGAGTTGGAGGATTGGGTCTCAGCATTGGACGAGCGGTTTGTGGAGTGCCAGATCTAACTCTTCCAGCTCATCCCACTCTGGACCTCCT"	"MIMAT0009547"	"cte-miR-750"	"CCAGATCTAACTCTTCCAGCTCA"	""	"ATCTAACTCTTCC"	"cte-miR-750[5,18]"	NA
"MI0012131"	"cte-mir-2692"	"UNCHANGED"	"TCATAGCAAGCGTTGGCGTCCTCGTTGACTTTAGTGATTTCTTGATTCACCAGTCAATGTTGACACCACCGCCTGACTTGAG"	"MIMAT0013549"	"cte-miR-2692"	"CCAGTCAATGTTGACACCACCGC"	""	"TCAATGTTGACAC"	"cte-miR-2692[5,18]"	NA
"MI0012144"	"cte-mir-2701"	"UNCHANGED"	"TTGCATTGCCCGCATTGCCATCGGCGCCTGGTCTGATTTCACACAGGTGTCAATGTCAAAGCGTACAATGTGA"	"MIMAT0013564"	"cte-miR-2701"	"CCCGCATTGCCATCGGCGCCTG"	""	"CATTGCCATCGGC"	"cte-miR-2701[5,18]"	NA
"MI0010080"	"cte-mir-252a"	"UNCHANGED"	"ATGCTCGCTCATTGCCAATGCTAAGTACTAGTGCCGCAGGAGGTTCCTTGTTCAACCCCTCCTGCTGTTCGAGTGCTTAATATCACATTTGAGCATTTCCT"	"MIMAT0009536"	"cte-miR-252a"	"CTAAGTACTAGTGCCGCAGGAG"	""	"GTACTAGTGCCGC"	"cte-miR-252a[5,18]"	NA
"MI0010081"	"cte-mir-252b"	"UNCHANGED"	"TGCATCTCACTGTGACAGTGCTAAGTAGTAGTGCCGCAGGTAATACGTTATGATTTACCTGCACTCTGCTGCTTAACACAAGCACGCGTGAATAACAACAT"	"MIMAT0009537"	"cte-miR-252b"	"CTAAGTAGTAGTGCCGCAGGTA"	""	"GTAGTAGTGCCGC"	"cte-miR-252b[5,18]"	NA
"MI0010236"	"cte-mir-1996a"	"UNCHANGED"	"TCGCTGTCTCAAGTGAGGTCAGTGCTGCTGTGTTTTCTAACAGGGGCACTGTCTTCAATTGAAACCGTTG"	"MIMAT0009707"	"cte-miR-1996a"	"CTCAAGTGAGGTCAGTGCTGCT"	""	"AGTGAGGTCAGTG"	"cte-miR-1996a[5,18]"	NA
"MI0012136"	"cte-mir-2720"	"UNCHANGED"	"CTGACTGCCTGTCTGTCTGGGTAATCGCTCTAGACCATGTGATGTCGCATGCTGCAGCGCTCATGACTAGAGAGTTTACTCATCCAGAGAGTAGTCTC"	"MIMAT0013554"	"cte-miR-2720-5p"	"CTGGGTAATCGCTCTAGACCAT"	""	"GTAATCGCTCTAG"	"cte-miR-2720-5p[5,18]"	NA
"MI0012150"	"cte-mir-210b"	"UNCHANGED"	"TGTCACTGCAGTTGCTGCTTCATGCACAAGCATTATGTAATCATAACCTGCTGTGCGTAAAACAGCGACCTTTGTGGGAG"	"MIMAT0013572"	"cte-miR-210b"	"CTGTGCGTAAAACAGCGACCTT"	""	"GCGTAAAACAGCG"	"cte-miR-210b[5,18]"	NA
"MI0010067"	"cte-mir-96"	"UNCHANGED"	"TGCGGATGGTGTGACTTGGCACTGGCGGAATTATCACCAGTGACGCAAGAATCGTGATGTTCCCCTGGTGCCTCATCTCACCATCCTCCC"	"MIMAT0009523"	"cte-miR-96"	"CTTGGCACTGGCGGAATTATCA"	""	"GCACTGGCGGAAT"	"cte-miR-96[5,18]"	NA
"MI0010073"	"cte-mir-263"	"NAME"	"TAAAGGCGCTCCCAACCCTTCTTGGCACTGGTAGAATTCACTGAATTCTTTTAAGTTCAGTGAATTACCAGTCTCAAAAATTGTGAGTGAACCATTGCGGC"	"MIMAT0009529"	"cte-miR-263"	"CTTGGCACTGGTAGAATTCACT"	""	"GCACTGGTAGAAT"	"cte-miR-263[5,18]"	NA
"MI0012118"	"cte-mir-2685"	"UNCHANGED"	"GCTTGCGAATCTTGTGATCTTTCGAGGGTTGTAGTTGACGTGTTTTGGTTTTATAACTCAGTAAGATCACAGGCCTTGCATTT"	"MIMAT0013532"	"cte-miR-2685-5p"	"CTTGTGATCTTTCGAGGGTTGTA"	""	"TGATCTTTCGAGG"	"cte-miR-2685-5p[5,18]"	NA
"MI0012151"	"cte-mir-2706"	"UNCHANGED"	"GATGGGGTCGAGTGCTGGAAGCTTGTATCTATGTCTGTAATTCAATGATATTGAAGATATGACCTTCCTGCACTGGACCTTCTG"	"MIMAT0013573"	"cte-miR-2706"	"GAAGATATGACCTTCCTGCACT"	""	"ATATGACCTTCCT"	"cte-miR-2706[5,18]"	NA
"MI0012154"	"cte-mir-2708"	"UNCHANGED"	"CGTGCCGCTCGCCAATTTTATTAAATATTCTAGGTGCTTTGAAACAATAGAAGATTTAATAAGATTGGGGAGTTGCTCG"	"MIMAT0013576"	"cte-miR-2708"	"GAAGATTTAATAAGATTGGGG"	""	"GATTTAATAAGAT"	"cte-miR-2708[4,17]"	NA
"MI0012115"	"cte-mir-993"	"UNCHANGED"	"CGCATGTACCCTGTAGACCCGGGTTTATGTGTTCATGTTTAACTTACAGAAGCTCTGTTCTACAGGTATATTT"	"MIMAT0013529"	"cte-miR-993"	"GAAGCTCTGTTCTACAGGTAT"	""	"GCTCTGTTCTACA"	"cte-miR-993[4,17]"	NA
"MI0010087"	"cte-mir-365"	"UNCHANGED"	"CTTCTTCACCCATCAGATATATTCGGGGTTTAAAAGGGTATTTTTTGACATTCGACTGGAGAATGCCCTTTCAAATCCTGGGTCTCTCTGAGCCTGACATC"	"MIMAT0009543"	"cte-miR-365"	"GAATGCCCTTTCAAATCCTGGG"	""	"GCCCTTTCAAATC"	"cte-miR-365[5,18]"	NA
"MI0010055"	"cte-mir-10c"	"UNCHANGED"	"TGGAGATGAAAGTCACAATGCCCATTGACCCTGTAGAACCGAGCTTGTGTTGACTAATTGAAATCACAAGCCTATTCTACAGTGTACATGGTTATTGCTAA"	"MIMAT0009511"	"cte-miR-10c"	"GACCCTGTAGAACCGAGCTTGTG"	""	"CTGTAGAACCGAG"	"cte-miR-10c[5,18]"	NA
"MI0012127"	"cte-mir-2691"	"UNCHANGED"	"CTACTGCAGGCCGACGGTGAGACTTCTGCAAAGCCGTGTCATTTGCAAATAACAGGTTTTGCAAAGTATCACAGCCTGTCTGCGGTAT"	"MIMAT0013544"	"cte-miR-2691-5p"	"GACGGTGAGACTTCTGCAAAGC"	""	"GTGAGACTTCTGC"	"cte-miR-2691-5p[5,18]"	NA
"MI0012159"	"cte-mir-2712"	"UNCHANGED"	"TGGTTTAGTGAGGACGTTGGACCGGCAGCCGGCGAGGTTTCCGAGCTGGCAAGTCGGGAAGACGTTCGAACTTGATCA"	"MIMAT0013581"	"cte-miR-2712"	"GACGTTGGACCGGCAGCCGGC"	""	"GTTGGACCGGCAG"	"cte-miR-2712[4,17]"	NA
"MI0012163"	"cte-mir-2716"	"UNCHANGED"	"TGACCCTGATCTTCCCAGCATACCTCATGAAGTCAACAATCGACAAATAACCAGTGAGAGATGTCGGGAAGGTCACGGAGA"	"MIMAT0013585"	"cte-miR-2716"	"GAGAGATGTCGGGAAGGTCACG"	""	"GATGTCGGGAAGG"	"cte-miR-2716[5,18]"	NA
"MI0010090"	"cte-mir-745b"	"UNCHANGED"	"TGGTGTGTTGCCTCTTCCCCTGGCACTAATCCCTCTGCCTTGGGAGCTGCCAAGTGAAGGGCTGTACAACA"	"MIMAT0009546"	"cte-miR-745b"	"GAGCTGCCAAGTGAAGGGCTGT"	""	"TGCCAAGTGAAGG"	"cte-miR-745b[5,18]"	NA
"MI0012137"	"cte-mir-2695"	"UNCHANGED"	"GAAGGTGGTGTCTGGTGAGGACTTGAGGGAACAGTTAGTAAACTTTGCAATTGAAACTAACTGGCTCTCCAAGTCTCATTGCATCCCACCACG"	"MIMAT0013556"	"cte-miR-2695"	"GAGGACTTGAGGGAACAGTTAGT"	""	"ACTTGAGGGAACA"	"cte-miR-2695[5,18]"	NA
"MI0010064"	"cte-mir-92a"	"UNCHANGED"	"TTTCGTGCGTGTTGCTCGGTGCCAGAAGGTCGAGATTGGCGCAATGCTGTCGTCCATCCAGATTGCACTAGTCCCGGCCTTCTGGCTCTGCTGCTCGTCTT"	"MIMAT0009520"	"cte-miR-92a"	"GATTGCACTAGTCCCGGCCTTC"	""	"GCACTAGTCCCGG"	"cte-miR-92a[5,18]"	NA
"MI0012124"	"cte-mir-2688"	"UNCHANGED"	"TCGGAGTCAGGATGGCGCTGGTTTTACTGAAGTTGTGGCCAACAAACCTCATAACTCAGTCAGACCACGCCATACTGCTCACT"	"MIMAT0013540"	"cte-miR-2688-5p"	"GCGCTGGTTTTACTGAAGTTGTG"	""	"TGGTTTTACTGAA"	"cte-miR-2688-5p[5,18]"	NA
"MI0010235"	"cte-mir-1995"	"UNCHANGED"	"CAGGGCGAAGTTTTCTGTACATCTCGCATTGTGACCATCTGTTGTTAACGCATGGTTTCAATGGGATATGTTGATAAAGCTTCCGTCGAG"	"MIMAT0009706"	"cte-miR-1995"	"GTACATCTCGCATTGTGACCAT"	""	"ATCTCGCATTGTG"	"cte-miR-1995[5,18]"	NA
"MI0010063"	"cte-mir-87b"	"UNCHANGED"	"GGAGTGGAATGTCGCGTGGTGGCGCCTGACACTTTGACTCAAACCTCTTTTCGTGAGTAGGTGAGCAAAGTTTCAGGTGTATCTGCGCGACTGCATTATC"	"MIMAT0009519"	"cte-miR-87b"	"GTGAGCAAAGTTTCAGGTGTAT"	""	NA	NA	NA
"MI0010062"	"cte-mir-87a"	"UNCHANGED"	"CCTGAATTTTTGTCTCAGCCAAACGATTAAAGAAAATAGTTCCCTCCGCGGAGGGATCTGGTGAGCAAAGTTTCAGGTGTGCTTGCGGACTGCACTGCCTT"	"MIMAT0009518"	"cte-miR-87a"	"GTGAGCAAAGTTTCAGGTGTGC"	""	NA	NA	NA
"MI0010096"	"cte-mir-33"	"UNCHANGED"	"GGAATACGCTTTGCACATTGGTGCATTGTAGTTGCATTGCATGGAAGTTCAACCGGTGCAGTGCTCCTGCAGTGCAATCAATGTGAGGCGTCCTACTACCA"	"MIMAT0009553"	"cte-miR-33"	"GTGCATTGTAGTTGCATTGCA"	""	"CATTGTAGTTGCA"	"cte-miR-33[4,17]"	NA
"MI0012155"	"cte-mir-2721"	"UNCHANGED"	"AGATTGAAAGTGGTTTTGATGCCATCTTGGATTGTGGCTCAATTGTTGCAATTGGAACTGACGCAAGGCCGAAGTGAG"	"MIMAT0013577"	"cte-miR-2721"	"GTGGTTTTGATGCCATCTTGGA"	""	"TTTTGATGCCATC"	"cte-miR-2721[5,18]"	NA
"MI0012145"	"cte-mir-2702"	NA	"ACAATTTGTGTTTAAGCGCTCTATATTTCCATTACCTGAATGCTTTATAACGGCACCACGTTCAGGTAATAGAAATGTACAGTGCTTGTACAAATCTC"	"MIMAT0013566"	"cte-miR-2702-3p"	"GTTCAGGTAATAGAAATGTAC"	""	"CAGGTAATAGAAA"	"cte-miR-2702-3p[4,17]"	NA
"MI0012142"	"cte-mir-2699"	NA	"TCTCGCGTGAAATCAACGGCCGCATATTATAAATCACTTATTTGAATGTGGTTTGTGATATTCGGCCTAAGATTACCACTCGTAA"	"MIMAT0013562"	"cte-miR-2699-3p"	"GTTTGTGATATTCGGCCTAAGA"	""	"GTGATATTCGGCC"	"cte-miR-2699-3p[5,18]"	NA
"MI0010052"	"cte-mir-9"	NA	"GCATGATAACCCCATTTTTCTCTTTGGTTATCTAGCTGTATGATTTATATTTTACTTCATAAAGCTAGGTTACCAAAGCTAAAACAGGGGACAAAATCTAC"	"MIMAT0009554"	"cte-miR-9-3p"	"TAAAGCTAGGTTACCAAAGCTA"	""	"GCTAGGTTACCAA"	"cte-miR-9-3p[5,18]"	NA
"MI0012153"	"cte-mir-277b"	"UNCHANGED"	"CTGGGTCAGTGGCAGGGTGTGACATTTGCAATGCGTTATGATTATCATCTGTAAATGCATATTCTGGCACTAATCTGG"	"MIMAT0013575"	"cte-miR-277b"	"TAAATGCATATTCTGGCACTAA"	""	"TGCATATTCTGGC"	"cte-miR-277b[5,18]"	NA
"MI0012117"	"cte-mir-277a"	"UNCHANGED"	"CTACGTCACTGGTGCCGTATCAGCCAATGCATTCTACATGTCCTAGCTGCTTCTACACTGCGTCGATCTTCTGTAAATGCATTATCTGGTATGTAACTCAGTGACGCCT"	"MIMAT0013531"	"cte-miR-277a"	"TAAATGCATTATCTGGTATGTA"	""	"TGCATTATCTGGT"	"cte-miR-277a[5,18]"	NA
"MI0012118"	"cte-mir-2685"	NA	"GCTTGCGAATCTTGTGATCTTTCGAGGGTTGTAGTTGACGTGTTTTGGTTTTATAACTCAGTAAGATCACAGGCCTTGCATTT"	"MIMAT0013533"	"cte-miR-2685-3p"	"TAACTCAGTAAGATCACAGGCC"	""	"TCAGTAAGATCAC"	"cte-miR-2685-3p[5,18]"	NA
"MI0012124"	"cte-mir-2688"	NA	"TCGGAGTCAGGATGGCGCTGGTTTTACTGAAGTTGTGGCCAACAAACCTCATAACTCAGTCAGACCACGCCATACTGCTCACT"	"MIMAT0013541"	"cte-miR-2688-3p"	"TAACTCAGTCAGACCACGCCA"	""	"CTCAGTCAGACCA"	"cte-miR-2688-3p[4,17]"	NA
"MI0010098"	"cte-mir-124"	"UNCHANGED"	"GACGTTGTTCTGGCGACTTCTTGGCGTTCACGGCGTGGTCCTTGGTGTGACTACAACAATTAAGGCACGCGGTGAATGCCAAGACGACCGCCGCTGCCTCC"	"MIMAT0009555"	"cte-miR-124"	"TAAGGCACGCGGTGAATGCCA"	""	"GGCACGCGGTGAA"	"cte-miR-124[4,17]"	NA
"MI0012129"	"cte-mir-1990b"	"UNCHANGED"	"CTCTGCTCACACAGTGTCTAAGTTGACGTAGTCCCAGGGTTTTCACAATCTATTCAAGACTTGTGGTTACGTCAGCTTTGCCATTGTTGGGCACTG"	"MIMAT0013547"	"cte-miR-1990b"	"TAAGTTGACGTAGTCCCAGGGT"	""	"TTGACGTAGTCCC"	"cte-miR-1990b[5,18]"	NA
"MI0010051"	"cte-mir-8"	"UNCHANGED"	"GCCAGCCGCGGGTTGTGTGGACATCTTACCCGGCGGCATTAGATTGACCGGCTCTCTTCTAATACTGTCAGGTAAAGATGTCTCCACGACTCCATGTC"	"MIMAT0009507"	"cte-miR-8"	"TAATACTGTCAGGTAAAGATGTC"	""	"ACTGTCAGGTAAA"	"cte-miR-8[5,18]"	NA
"MI0010215"	"cte-mir-216b"	"UNCHANGED"	"GCTTGGCTAATATCAGCTGGTAATTCTGAGATAACCCCGTGGCCATAACATGCTCAGGATGCCGGCCGATATTGACCAAT"	"MIMAT0009679"	"cte-miR-216b"	"TAATATCAGCTGGTAATTCTGA"	""	"ATCAGCTGGTAAT"	"cte-miR-216b[5,18]"	NA
"MI0010079"	"cte-mir-216a"	"UNCHANGED"	"TAATTGTCTAATCTCAGTTGGTAATTCAGAGTGCTGGAATTCGTTCTCGGATTAACAGCTGGGATCGGACAAATA"	"MIMAT0009535"	"cte-miR-216a"	"TAATCTCAGTTGGTAATTCAGA"	""	"CTCAGTTGGTAAT"	"cte-miR-216a[5,18]"	NA
"MI0012119"	"cte-mir-10d"	"UNCHANGED"	"TAACCATGTACACTGTAGAATAGGCTTGTGATTTCAATTAGTCAACACAAGCTCGGTTCTACAGGGTCAATGGGCA"	"MIMAT0013534"	"cte-miR-10d"	"TACACTGTAGAATAGGCTTGT"	""	"ACTGTAGAATAGG"	"cte-miR-10d[4,17]"	NA
"MI0010053"	"cte-mir-10a"	"UNCHANGED"	"TTCAGTGCTCCTCAATGTTTACCCTGTAGTTCCGGATTTGTCTTGAATCTCAGCAAAGCAAACAAATTCGATTCCTCGGGGTTTCATGTTGAGTGAGACTT"	"MIMAT0009509"	"cte-miR-10a"	"TACCCTGTAGTTCCGGATTTGT"	""	"CTGTAGTTCCGGA"	"cte-miR-10a[5,18]"	NA
"MI0010058"	"cte-mir-29b"	"UNCHANGED"	"GGAGGCTCGGCGCCTGGTCTCACATGGTGGATAGAGTTGGCTTCGGCGCCATTGAACCTTTAGCACCATTTGAAATCAGTGCTTCTGGCTCTCCTC"	"MIMAT0009514"	"cte-miR-29b"	"TAGCACCATTTGAAATCAGTG"	""	NA	NA	NA
"MI0010057"	"cte-mir-29a"	"UNCHANGED"	"AATGGGGCTCTGGAATCCTGGTTTTCTCTGGTGCATAGATTAACGCTTTGAATTTGTGTCTAGCACCATTTGAAATCAGTTTTCCTGGGTGCTCAC"	"MIMAT0009513"	"cte-miR-29a"	"TAGCACCATTTGAAATCAGTTT"	""	NA	NA	NA
"MI0012123"	"cte-mir-2687"	"UNCHANGED"	"CCCTTCGATAGGTAGTCGCTCTGGGTTACTGTCGGGTCGTTATACCCTTTGCAAGTGGCTCAGGGGGACCCCCTATCCAAGGG"	"MIMAT0013539"	"cte-miR-2687"	"TAGGTAGTCGCTCTGGGTTACT"	""	"TAGTCGCTCTGGG"	"cte-miR-2687[5,18]"	NA
"MI0012132"	"cte-mir-2693"	"UNCHANGED"	"CGTGGGTCTCAGAAATTGTATACTAGACTAGTTCGAAGTCTATTTGCTAGTCTAGTGTACAGTTCATGGGATCTCAG"	"MIMAT0013550"	"cte-miR-2693"	"TAGTCTAGTGTACAGTTCATGG"	""	"CTAGTGTACAGTT"	"cte-miR-2693[5,18]"	NA
"MI0012145"	"cte-mir-2702"	"UNCHANGED"	"ACAATTTGTGTTTAAGCGCTCTATATTTCCATTACCTGAATGCTTTATAACGGCACCACGTTCAGGTAATAGAAATGTACAGTGCTTGTACAAATCTC"	"MIMAT0013565"	"cte-miR-2702-5p"	"TATATTTCCATTACCTGAATGC"	""	"TTTCCATTACCTG"	"cte-miR-2702-5p[5,18]"	NA
"MI0012140"	"cte-mir-2g"	"UNCHANGED"	"TGTGCATGGCTCACCGCGGTCTCAGCGTCTGTGGTGCGCTGAATTCGTATCACAGACCGCTTGGATCACAGTGCGCTGTTGTGAT"	"MIMAT0013559"	"cte-miR-2g"	"TATCACAGACCGCTTGGATCACA"	""	"ACAGACCGCTTGG"	"cte-miR-2g[5,18]"	NA
"MI0010049"	"cte-mir-2c"	"UNCHANGED"	"TGTGTTTTTGGGTTTGATCGGCCTATCAAGGTGGCTGGGATTTGGGTTTTTATTGCCCCATATCACAGCCAGCTTTGATAAGTTGACTGACCTTCAGTGCG"	"MIMAT0009505"	"cte-miR-2c"	"TATCACAGCCAGCTTTGATAAG"	""	"ACAGCCAGCTTTG"	"cte-miR-2c[5,18]"	NA
"MI0010047"	"cte-mir-2a"	"UNCHANGED"	"GGAGGAACCGACAAAGTGGCTGCGATGTGTTCTCTTCCTCCTCCGATATGCGTCGCACCATATCACAGCCCGCTTTGTTGACTCTGCCGTGCAATACTCTC"	"MIMAT0009503"	"cte-miR-2a"	"TATCACAGCCCGCTTTGTTGACT"	""	"ACAGCCCGCTTTG"	"cte-miR-2a[5,18]"	NA
"MI0012113"	"cte-mir-2e-1"	"UNCHANGED"	"GCTTGCTTTTGCGAATATTCTGCGCTCTGAGTGGCTGTGATATGTTCAGTTGAGTCAGCATATCACAGTCAATGCTTTGGGCTCAGAATATTCTGCTCTC"	"MIMAT0013527"	"cte-miR-2e-1-2"	"TATCACAGTCAATGCTTTGGGCTC"	""	"CAGTCAATGCTTT"	"cte-miR-2e-1-2[6,19]"	NA
"MI0031758"	"cte-mir-2e-2"	"UNCHANGED"	"GCTTGCTTTTGCGAATATTCTGCGCTCTGAGTGGCTGTGATATGTTCAGTTGAGTCAGCATATCACAGTCAATGCTTTGGGCTCAGAATATTCTGCTCTC"	"MIMAT0013527"	"cte-miR-2e-1-2"	"TATCACAGTCAATGCTTTGGGCTC"	""	"CAGTCAATGCTTT"	"cte-miR-2e-1-2[6,19]"	NA
"MI0012114"	"cte-mir-2f"	"UNCHANGED"	"TTTTGAGAAGTCAACCTAATGCACTTTGTGATGTGCTTTTGAATTGGAGTCGTATCACAGTGGATTTGGTTTATTTCTTACAT"	"MIMAT0013528"	"cte-miR-2f"	"TATCACAGTGGATTTGGTTTAT"	""	"ACAGTGGATTTGG"	"cte-miR-2f[5,18]"	NA
"MI0012125"	"cte-mir-2689"	"UNCHANGED"	"ATTGTCGTTTCCGAATCAGGCCTCGCTGGCCAGGATTCGGGCTTATTTCCTCGTATCCTGGCCTGCAAGTGCACTCATTCGGACGACCTT"	"MIMAT0013542"	"cte-miR-2689"	"TATCCTGGCCTGCAAGTGCACTC"	""	"CTGGCCTGCAAGT"	"cte-miR-2689[5,18]"	NA
"MI0010239"	"cte-mir-1999"	"UNCHANGED"	"TATGCCATCGGAGGCGGGCTTAATCTTTGGCTAAATAGTGAACACAATTCAAGCCTATGTAGCCAAAGTTTGGGTCCGTCTCTATGGCTAC"	"MIMAT0009710"	"cte-miR-1999"	"TATGTAGCCAAAGTTTGGGTCC"	""	"TAGCCAAAGTTTG"	"cte-miR-1999[5,18]"	NA
"MI0010230"	"cte-mir-1993"	"UNCHANGED"	"GTGCATTTCGGGAATTTCGGCATCATTCTGTTGGCTTAACTAGTATTATGCTGATATTCACGAGATGATTT"	"MIMAT0009701"	"cte-miR-1993"	"TATTATGCTGATATTCACGAGA"	""	"ATGCTGATATTCA"	"cte-miR-1993[5,18]"	NA
"MI0010071"	"cte-mir-137"	"UNCHANGED"	"AAGAAGAACGCTAGGTTGAGTACGGGTATTCTTGGGTAAATAATATACCAAGAAGGATGTTATTGCTTGAGAATACACGTAGCAAACCTAAGCTTTATCGA"	"MIMAT0009527"	"cte-miR-137"	"TATTGCTTGAGAATACACGTAG"	""	"GCTTGAGAATACA"	"cte-miR-137[5,18]"	NA
"MI0010211"	"cte-mir-67"	"UNCHANGED"	"AGCGATCTTACCTCATTCAGTGGTGTTGCGATGCTGGAAGCGCTCATCACAACCTGCATGAATGAGGTAAGGTCATG"	"MIMAT0009675"	"cte-miR-67"	"TCACAACCTGCATGAATGAGGT"	""	"AACCTGCATGAAT"	"cte-miR-67[5,18]"	NA
"MI0010048"	"cte-mir-2b"	"UNCHANGED"	"TCGTGACCTCTGTGTGGCGTCAATGTTGGTATGTCATAGTCCCCTGTGACGCGTAGGCCCTATCACAGCCAACCTTGATGAGCCTTTCAGAGGTATCTCTC"	"MIMAT0009504"	"cte-miR-2b"	"TCACAGCCAACCTTGATGAGCC"	""	"AGCCAACCTTGAT"	"cte-miR-2b[5,18]"	NA
"MI0012116"	"cte-mir-36"	"UNCHANGED"	"ACTTATGTCTACTCCCTGTGGGTGTTAACTCGGTCAGATGCTAATTTATTTCCATCACCGGGTTAACATTCATCCGGGAAGGCCATACAAA"	"MIMAT0013530"	"cte-miR-36"	"TCACCGGGTTAACATTCATCCG"	""	"CGGGTTAACATTC"	"cte-miR-36[5,18]"	NA
"MI0010229"	"cte-mir-1992"	"UNCHANGED"	"CTGTGTCTCGTCGGTGGATGGTTGCTGGTAGTACCATTGCCAGCCTATCAGCAGTTGTACCACTGATGTGACACGCC"	"MIMAT0009700"	"cte-miR-1992"	"TCAGCAGTTGTACCACTGATGTG"	""	"CAGTTGTACCACT"	"cte-miR-1992[5,18]"	NA
"MI0010233"	"cte-mir-1989"	"UNCHANGED"	"CCAGTTCAGCTGTCATGATGCCTTCTTAAGTTTTGAACAAGAGGGCGTCATAACTGTTGACCTCG"	"MIMAT0009704"	"cte-miR-1989"	"TCAGCTGTCATGATGCCTTC"	""	"GCTGTCATGATGC"	"cte-miR-1989[4,17]"	NA
"MI0012157"	"cte-mir-2710"	"UNCHANGED"	"CAGCAGGGTCCACTGTACCGTATTGGCCCTTTATTCTGATAGGGCAGTGTGGTACAAGGGAACCCTGAGG"	"MIMAT0013579"	"cte-miR-2710"	"TCCACTGTACCGTATTGGCCC"	""	"ACTGTACCGTATT"	"cte-miR-2710[4,17]"	NA
"MI0010069"	"cte-mir-125"	"UNCHANGED"	"TAACCACTCGGCATCTCGCACTCCCTGAGACCCTAACTTGTGAAGCTTTCTAAAAAGATCGCGAGTTAGAATCTTGGGCTCTGCGAGGAGCTCGATTGCCG"	"MIMAT0009525"	"cte-miR-125"	"TCCCTGAGACCCTAACTTGTGA"	""	"TGAGACCCTAACT"	"cte-miR-125[5,18]"	NA
"MI0010082"	"cte-mir-278"	"UNCHANGED"	"TCGCCCACGAGCGATTGTTTCTCGTGATCACGTGTCTTTGTATCAATACAAAATGGCGGATCGGTGGGACTTTCGTTCGTTCGGGGCGGGCGGATTAACTT"	"MIMAT0009538"	"cte-miR-278"	"TCGGTGGGACTTTCGTTCGTTC"	""	"TGGGACTTTCGTT"	"cte-miR-278[5,18]"	NA
"MI0012149"	"cte-mir-2705"	"UNCHANGED"	"ACATGCGCTTTGAGGTTGGGAGCACTTGCCGTTTGCAAATGTTGCCTTCATTTCATCTGCAAGGTAAAGTGCTGTCCAACTTGATAGTGCGAAC"	"MIMAT0013571"	"cte-miR-2705"	"TCTGCAAGGTAAAGTGCTGTCCA"	""	"CAAGGTAAAGTGC"	"cte-miR-2705[5,18]"	NA
"MI0010237"	"cte-mir-1997"	"UNCHANGED"	"CATGCGCGGCTCCGTTGGGTTGGTGGGACCTCCAGCGTCAGTTGACCAGAACTCTGCAGGTTCACATCAGCCCCATGGGGTCGCTGCCTT"	"MIMAT0009708"	"cte-miR-1997"	"TCTGCAGGTTCACATCAGCCCCA"	""	"CAGGTTCACATCA"	"cte-miR-1997[5,18]"	NA
"MI0010052"	"cte-mir-9"	"UNCHANGED"	"GCATGATAACCCCATTTTTCTCTTTGGTTATCTAGCTGTATGATTTATATTTTACTTCATAAAGCTAGGTTACCAAAGCTAAAACAGGGGACAAAATCTAC"	"MIMAT0009508"	"cte-miR-9-5p"	"TCTTTGGTTATCTAGCTGTATGA"	""	"TGGTTATCTAGCT"	"cte-miR-9-5p[5,18]"	NA
"MI0010061"	"cte-mir-71"	"UNCHANGED"	"AGACAATACAGAGGAGCTCCATGAAAGACATGGGTAGTGAGATGTACACTGTCTCTAATCACCTTGCTATCATGTCTTTCCATGGAGAACTCTTATCGATA"	"MIMAT0009517"	"cte-miR-71"	"TGAAAGACATGGGTAGTGAGATG"	""	"AGACATGGGTAGT"	"cte-miR-71[5,18]"	NA
"MI0010086"	"cte-mir-317"	"UNCHANGED"	"CGGAAGGAGAAGCGTCGAGCGCAGGCAAGAGATCACTGCGGTGCTCACATGTAGCCACTGTGAACACAGCTGGTGGTATCTCTTTTCTTCGCTCTGACCTG"	"MIMAT0009542"	"cte-miR-317"	"TGAACACAGCTGGTGGTATCTCTTT"	""	"ACAGCTGGTGGTA"	"cte-miR-317[6,19]"	NA
"MI0012136"	"cte-mir-2720"	NA	"CTGACTGCCTGTCTGTCTGGGTAATCGCTCTAGACCATGTGATGTCGCATGCTGCAGCGCTCATGACTAGAGAGTTTACTCATCCAGAGAGTAGTCTC"	"MIMAT0013555"	"cte-miR-2720-3p"	"TGACTAGAGAGTTTACTCATCC"	""	"TAGAGAGTTTACT"	"cte-miR-2720-3p[5,18]"	NA
"MI0012134"	"cte-mir-996"	"UNCHANGED"	"ATTGGCGGAGGCGGGTGTGCTGTCTGGTGCGTGTGTTTCACCATGACTAGATAACACATTCGTCTCTGCCTCT"	"MIMAT0013552"	"cte-miR-996"	"TGACTAGATAACACATTCGTCT"	""	"TAGATAACACATT"	"cte-miR-996[5,18]"	NA
"MI0010083"	"cte-mir-279"	"UNCHANGED"	"CGTTTCGCTGTCGCCTTGAATGGCTGTGGATCAAGTCCATGTTAAGATTTCGAATTGTCATGACTAGATCCACACTCATCCAGGTTGGCGGCTAGCCCTTC"	"MIMAT0009539"	"cte-miR-279"	"TGACTAGATCCACACTCATCC"	""	"CTAGATCCACACT"	"cte-miR-279[4,17]"	NA
"MI0010231"	"cte-mir-1994"	"UNCHANGED"	"GGTTGTGCATCGGGTGGAAGCGCTGTCTGCACCGGATATCCGGATTGTATCCGTCCGTTGAGACAGTGTGTCCTCCCTCTGGACG"	"MIMAT0009702"	"cte-miR-1994"	"TGAGACAGTGTGTCCTCCCTCT"	""	"ACAGTGTGTCCTC"	"cte-miR-1994[5,18]"	NA
"MI0010094"	"cte-bantam"	"UNCHANGED"	"TCAGAGCAAGACTTGCGAGACTGGTTTTCTCTTTGGTCTTCCAGATTTTTATTGGAATTCTGAGATCATTGTGAAAACTAATCTCGCTGACATTACGCCAG"	"MIMAT0009551"	"cte-bantam"	"TGAGATCATTGTGAAAACTAATC"	""	"ATCATTGTGAAAA"	"cte-bantam[5,18]"	NA
"MI0010093"	"cte-mir-1175"	NA	"TGCTTGAGATTAGTGGAGAGAGTTTTATCTCATCGAGCTTGATTTGGGTGAGATTCAACTCCTCCAACTGCTCTCACACTGAATTTG"	"MIMAT0009550"	"cte-miR-1175-3p"	"TGAGATTCAACTCCTCCAACTGC"	""	"ATTCAACTCCTCC"	"cte-miR-1175-3p[5,18]"	NA
"MI0012146"	"cte-mir-2703-1"	"UNCHANGED"	"GACGGAACCAGTGACTTGAGCTTACGAATCATCAGCCATTGCTCGCTTTGAAATGCTTTGATTTGTAAGCTCAGCAGGCGTGGTTTCAAA"	"MIMAT0013567"	"cte-miR-2703-5p-1-2"	"TGAGCTTACGAATCATCAGCCATT"	""	"TTACGAATCATCA"	"cte-miR-2703-5p-1-2[6,19]"	NA
"MI0031755"	"cte-mir-2703-2"	"UNCHANGED"	"GACGGAACCAGTGACTTGAGCTTACGAATCATCAGCCATTGCTCGCTTTGAAATGCTTTGATTTGTAAGCTCAGCAGGCGTGGTTTCAAA"	"MIMAT0013567"	"cte-miR-2703-5p-1-2"	"TGAGCTTACGAATCATCAGCCATT"	""	"TTACGAATCATCA"	"cte-miR-2703-5p-1-2[6,19]"	NA
"MI0012141"	"cte-mir-2698"	"UNCHANGED"	"TGACTGCATGAACTGTTGAAGGAGTTTCATGCCTCGTGTACTGAGCATGAGCTTCTCTTCCATGACTGTGCGGCAA"	"MIMAT0013560"	"cte-miR-2698"	"TGAGCTTCTCTTCCATGACTGTGC"	""	"TTCTCTTCCATGA"	"cte-miR-2698[6,19]"	NA
"MI0010095"	"cte-let-7"	"UNCHANGED"	"CCCCCTGGCTTACCTCCAGTTGAGGTAGTAGGTTGTATAGTAGAGTTACATCACTAAACAGACGAACTGTACAGCCTTCTAGCTTTCCTGGGGTACAGCACTG"	"MIMAT0009552"	"cte-let-7"	"TGAGGTAGTAGGTTGTATAGT"	""	"GGTAGTAGGTTGT"	"cte-let-7[4,17]"	NA
"MI0010056"	"cte-mir-12"	"UNCHANGED"	"TGGAAGTGGCGGTCAGAGCCTGAGTATTACATCAGGTACTGAGTACAAGCACGAAATCAGGGCCTGCTGAAATACTCGCTCTCTGTCAGCACTAATCAACT"	"MIMAT0009512"	"cte-miR-12"	"TGAGTATTACATCAGGTACTGA"	""	"TATTACATCAGGT"	"cte-miR-12[5,18]"	NA
"MI0010099"	"cte-mir-219"	"UNCHANGED"	"CAGACAGTCTTTTAGCATTGATTGTCCAAACGCAATTCTTGTTCACTTCGTTCTCCAAGAACTGTGTTCGGACATCAATCCTAGCAAGGCAGTACACAACC"	"MIMAT0009556"	"cte-miR-219"	"TGATTGTCCAAACGCAATTCT"	""	"TTGTCCAAACGCA"	"cte-miR-219[4,17]"	NA
"MI0012165"	"cte-mir-2718"	"UNCHANGED"	"CCCCGGATGCCAACGGCTCGAGGAATGTCCTGGGGCCACTTGAACCCAAAGTTCTGGAGTTGTTGGTGTTACGAAC"	"MIMAT0013587"	"cte-miR-2718"	"TGCCAACGGCTCGAGGAATGTCCT"	""	"ACGGCTCGAGGAA"	"cte-miR-2718[6,19]"	NA
"MI0012161"	"cte-mir-2714"	"UNCHANGED"	"GCGGCAGCGGCAGCACTCTCAGCGTTTGTGGCTGCGGCGAGAGCGCTTGCAGCAGCGGTGCGAGCCGTTGCAGCAGTGCTATCTGCTGCAAC"	"MIMAT0013583"	"cte-miR-2714"	"TGCGAGCCGTTGCAGCAGTGC"	""	"GAGCCGTTGCAGC"	"cte-miR-2714[4,17]"	NA
"MI0012160"	"cte-mir-2713"	"UNCHANGED"	"GTAGATGCATGCGTCGCGGGCTTCATTGAAGGTTAGGCAGATGTCTCCCACAACCTTCAGAGTTGAGGGCGTCGTAGTATTCC"	"MIMAT0013582"	"cte-miR-2713"	"TGCGTCGCGGGCTTCATTGAAGGT"	""	"CGCGGGCTTCATT"	"cte-miR-2713[6,19]"	NA
"MI0012135"	"cte-mir-2694-1"	"UNCHANGED"	"TAGGCGCACTCGAGTGAGGAGTAATGTTTCAAAGCAGTTCCTTTTGACTGCTTTGAGGCATTGTCCCTCACTTGGGGGCTGCAAT"	"MIMAT0013553"	"cte-miR-2694-1-2"	"TGCTTTGAGGCATTGTCCCTCA"	""	"TTGAGGCATTGTC"	"cte-miR-2694-1-2[5,18]"	NA
"MI0031754"	"cte-mir-2694-2"	"UNCHANGED"	"TAGGCGCACTCGAGTGAGGAGTAATGTTTCAAAGCAGTTCCTTTTGACTGCTTTGAGGCATTGTCCCTCACTTGGGGGCTGCAAT"	"MIMAT0013553"	"cte-miR-2694-1-2"	"TGCTTTGAGGCATTGTCCCTCA"	""	"TTGAGGCATTGTC"	"cte-miR-2694-1-2[5,18]"	NA
"MI0012146"	"cte-mir-2703-1"	NA	"GACGGAACCAGTGACTTGAGCTTACGAATCATCAGCCATTGCTCGCTTTGAAATGCTTTGATTTGTAAGCTCAGCAGGCGTGGTTTCAAA"	"MIMAT0013568"	"cte-miR-2703-3p-1-2"	"TGCTTTGATTTGTAAGCTCAGC"	""	"TTGATTTGTAAGC"	"cte-miR-2703-3p-1-2[5,18]"	NA
"MI0031755"	"cte-mir-2703-2"	NA	"GACGGAACCAGTGACTTGAGCTTACGAATCATCAGCCATTGCTCGCTTTGAAATGCTTTGATTTGTAAGCTCAGCAGGCGTGGTTTCAAA"	"MIMAT0013568"	"cte-miR-2703-3p-1-2"	"TGCTTTGATTTGTAAGCTCAGC"	""	"TTGATTTGTAAGC"	"cte-miR-2703-3p-1-2[5,18]"	NA
"MI0010050"	"cte-mir-7"	"UNCHANGED"	"TAACCCTCTGTTTCATGATGTGGAAGACTAGTGATTTTATTGTTTATGAAATCTGCCAACAATAAATCACACTCTTCTCACATCATGTACAGTACTTACAA"	"MIMAT0009506"	"cte-miR-7"	"TGGAAGACTAGTGATTTTATTGTT"	""	"GACTAGTGATTTT"	"cte-miR-7[6,19]"	NA
"MI0010046"	"cte-mir-1"	"UNCHANGED"	"ACCGGCGTGCGATTGTGACATACTTCCTTACAACGCCATATTTCCCATATTATTGGTATGGAATGTAAAGAAGTATGTAGCATTCCCATGCACT"	"MIMAT0009502"	"cte-miR-1"	"TGGAATGTAAAGAAGTATGTAG"	""	"ATGTAAAGAAGTA"	"cte-miR-1[5,18]"	NA
"MI0010074"	"cte-mir-184a"	"UNCHANGED"	"CATCACTCGATCGCACGATTCCTTACCATTTCTTTGTCCGGTCCGTGTGATTATCATCACTGGACGGAGAACTGATAAGGGCCTGTGACGACCACGAGCCT"	"MIMAT0009530"	"cte-miR-184a"	"TGGACGGAGAACTGATAAGGGC"	""	NA	NA	NA
"MI0010075"	"cte-mir-184b"	"UNCHANGED"	"TTATGATACATCACGTTCCCTTGTCACTTGTTCGTCCTGTTGGCTGCGTTTTCTCACTGGACGGAGAACTGATAGGGCCCTGTGTGGATCACGTG"	"MIMAT0009531"	"cte-miR-184b"	"TGGACGGAGAACTGATAGGGC"	""	NA	NA	NA
"MI0010060"	"cte-mir-34"	"UNCHANGED"	"CAGCCACTGCTTGTGTTTCGCTGGCAGTGTGGTTAGCTGGTTGTGAATTAATAGATACAACAACCACTAGCTCTACTGCCTGGGAAATACAAAATTATGTC"	"MIMAT0009516"	"cte-miR-34"	"TGGCAGTGTGGTTAGCTGGTTGT"	""	"AGTGTGGTTAGCT"	"cte-miR-34[5,18]"	NA
"MI0012166"	"cte-mir-2719"	"UNCHANGED"	"GAAGAGCGCTCATTGGCTTTTGTAGGATGATCATTGGCGCGTGCTTATCCAATGAACATCTCACAAAACCTCAGTGGGCGGTCCT"	"MIMAT0013588"	"cte-miR-2719"	"TGGCTTTTGTAGGATGATCATT"	""	"TTTTGTAGGATGA"	"cte-miR-2719[5,18]"	NA
"MI0012130"	"cte-mir-1990c"	"UNCHANGED"	"CGAGGCTGGAAGTTAACGTAGTCCCGGGTTGCATCGCTGTACTTGGCCCTGGGACTATGTCAACTTACAACTGCG"	"MIMAT0013548"	"cte-miR-1990c-3p"	"TGGGACTATGTCAACTTACAAC"	""	"ACTATGTCAACTT"	"cte-miR-1990c-3p[5,18]"	NA
"MI0012138"	"cte-mir-2696"	"UNCHANGED"	"CAGAGCGGGGCGTGGGTTTGTAATGTGGTCATGCTCAACTGCATTTCCCCTGACCACAGTGCAAAAGCCATGCACCGCTGTT"	"MIMAT0013557"	"cte-miR-2696"	"TGGGTTTGTAATGTGGTCATG"	""	"GTTTGTAATGTGG"	"cte-miR-2696[4,17]"	NA
"MI0012128"	"cte-mir-1990a"	"UNCHANGED"	"CGCAGTTGTAAGTTGACATAGTCCCAGGGCCAAGTACAGCGATGCAACCCGGGACTACGTTAACTTCCAGCCTC"	"MIMAT0013546"	"cte-miR-1990a"	"TGTAAGTTGACATAGTCCCAGG"	""	"AGTTGACATAGTC"	"cte-miR-1990a[5,18]"	NA
"MI0010084"	"cte-mir-281"	"UNCHANGED"	"ACTGCAGGATTCAATCGGCTGGTCGTTCAGGGGGGCACTGCATGGAAACGCTATCCGTAGTTGTCATGGAGTTGCTCTCTTTAACGACCTGACCTAATTGCG"	"MIMAT0009540"	"cte-miR-281"	"TGTCATGGAGTTGCTCTCTTTA"	""	"ATGGAGTTGCTCT"	"cte-miR-281[5,18]"	NA
"MI0012126"	"cte-mir-2690"	"UNCHANGED"	"CATTAGAGGTTGTGTACAACTCTGGACCCACTTCCATACAATGACAGCATTCGAATGTGTGAAAGTGAGGCCAGTGTGGTAAACAACTTCTGCCT"	"MIMAT0013543"	"cte-miR-2690"	"TGTGAAAGTGAGGCCAGTGTGGT"	""	"AAAGTGAGGCCAG"	"cte-miR-2690[5,18]"	NA
"MI0012156"	"cte-mir-2709"	"UNCHANGED"	"CTCTAATGTTTGAATTAGCTGTGATGTGCTTTAGTTTGAAGTTCTTATCACAGCTATTTTGATCATTTTA"	"MIMAT0013578"	"cte-miR-2709"	"TGTTTGAATTAGCTGTGATGTG"	""	"TGAATTAGCTGTG"	"cte-miR-2709[5,18]"	NA
"MI0010054"	"cte-mir-10b"	"UNCHANGED"	"TTATTGGTAACGTTGCCCTTACCCTGTCGAACCGAGCGAGTGAGAAATTTACCCACCCCTCAGTTTGCAGGGTACAAGCAACTTGCTATT"	"MIMAT0009510"	"cte-miR-10b"	"TTACCCTGTCGAACCGAGCGAGTG"	""	"CTGTCGAACCGAG"	"cte-miR-10b[6,19]"	NA
"MI0012133"	"cte-mir-1991"	"UNCHANGED"	"CCATCAATTCTTTACCCTGTTACATTGTAGAATGCTTGTTATTCCTTTGTATTCTCAATGTACAAGGTATTAAGAATTGGAG"	"MIMAT0013551"	"cte-miR-1991"	"TTACCCTGTTACATTGTAGAATGC"	""	"CTGTTACATTGTA"	"cte-miR-1991[6,19]"	NA
"MI0010092"	"cte-mir-981"	"UNCHANGED"	"ATGGTCTTTCAATTCGGGTTTCGCGGTATTCGAACACGTACCAATAGCAGTTGTTCGTTGTCGTCGAAACCTGCTTTGAAAGATAGT"	"MIMAT0009548"	"cte-miR-981"	"TTCGTTGTCGTCGAAACCTGCTT"	""	"TTGTCGTCGAAAC"	"cte-miR-981[5,18]"	NA
"MI0010238"	"cte-mir-1998"	"UNCHANGED"	"CTGGTGGTGTATATTTCCGCGTCCAGACTCTTTGTGGTCCTGCAATGGCAAATTATCGAGTTGAACGCAGAGATGTACATCACCAACC"	"MIMAT0009709"	"cte-miR-1998"	"TTGAACGCAGAGATGTACATCA"	""	"ACGCAGAGATGTA"	"cte-miR-1998[5,18]"	NA
"MI0010072"	"cte-mir-153"	"UNCHANGED"	"AGCCTTCTTACTCGGAATACGACAGCTTTTGTGGTTATCAATTGTGAATTCTGAGACAAATTGCATAGTCACAAAAGTGATCGTAATCTCAGGCATCACCA"	"MIMAT0009528"	"cte-miR-153"	"TTGCATAGTCACAAAAGTGATC"	""	"ATAGTCACAAAAG"	"cte-miR-153[5,18]"	NA
"MI0010216"	"cte-mir-242"	"UNCHANGED"	"CCAATCGTTAACCATAGATTTGCGTAGGTGTTGTGCACAGAGGTGTTACATAATAGTCTGTCCATGACGCCTAGGCATACCCGTGGTTGACGCATCTTCAAATTAAC"	"MIMAT0009680"	"cte-miR-242"	"TTGCGTAGGTGTTGTGCACAGA"	""	"GTAGGTGTTGTGC"	"cte-miR-242[5,18]"	NA
"MI0010070"	"cte-mir-133"	"UNCHANGED"	"TCGTAGCGCACGCCGTAGCTGGTTGAAACTGGGTCAAATTGTGCGCTGCTTGCGGTTCATTTGGTCCCCTTCAACCAGCTGTGGGTGCGCGCCACTCGCTA"	"MIMAT0009526"	"cte-miR-133"	"TTGGTCCCCTTCAACCAGCTGT"	""	"TCCCCTTCAACCA"	"cte-miR-133[5,18]"	NA
"MI0012158"	"cte-mir-2711"	"UNCHANGED"	"CAAGCAGACAGTGTATTGGTGTAATTATGATGTCTTCGTACGTAAATACATCTAAGGCATCGTTTACACCACGTCATTTCTGTCGG"	"MIMAT0013580"	"cte-miR-2711"	"TTGGTGTAATTATGATGTCTTCG"	""	"TGTAATTATGATG"	"cte-miR-2711[5,18]"	NA
"MI0010234"	"cte-mir-2001"	"UNCHANGED"	"CCCGTTCCTCACGTTGTGACCGTTATAATGGGCATGAAGTCATTCTGAGCAATGCTCCTTATAACGATCTCAAGGCG"	"MIMAT0009705"	"cte-miR-2001"	"TTGTGACCGTTATAATGGGCATG"	""	"GACCGTTATAATG"	"cte-miR-2001[5,18]"	NA
"MI0012162"	"cte-mir-2715-1"	"UNCHANGED"	"CGAGGATTTTGTTTTTCCTCTTCGTCTTTTGCCTCTGCGTGAAAGGTCAGAGTTACAATGGAAGACGCAGAGGACTGACTGAGATCCCAG"	"MIMAT0013584"	"cte-miR-2715-1-2"	"TTTCCTCTTCGTCTTTTGCCTCTG"	""	"TCTTCGTCTTTTG"	"cte-miR-2715-1-2[6,19]"	NA
"MI0031756"	"cte-mir-2715-2"	"UNCHANGED"	"CGAGGATTTTGTTTTTCCTCTTCGTCTTTTGCCTCTGCGTGAAAGGTCAGAGTTACAATGGAAGACGCAGAGGACTGACTGAGATCCCAG"	"MIMAT0013584"	"cte-miR-2715-1-2"	"TTTCCTCTTCGTCTTTTGCCTCTG"	""	"TCTTCGTCTTTTG"	"cte-miR-2715-1-2[6,19]"	NA
"MI0010078"	"cte-mir-210a"	"UNCHANGED"	"ACGGCGTGTGCGTTGGTCATTGCGCTACGCACAAAGAAGATGCGCTGCTTGATTTCACTTTGTGCGTGTGACAGTGACAATGCACGCACGTCACTGCTTC"	"MIMAT0009534"	"cte-miR-210a"	"TTTGTGCGTGTGACAGTGACAAT"	""	"TGCGTGTGACAGT"	"cte-miR-210a[5,18]"	NA
"MI0010088"	"cte-mir-375"	"UNCHANGED"	"CATTACCAGTAGCATCGGTTGTTAGCATGGGCCAAACGTGCAAGACTGTGTTTGAGCTGTTTTGTTCGTCCGGCTCGCGTTAACACTTGGTGCGTTATCT"	"MIMAT0009544"	"cte-miR-375"	"TTTGTTCGTCCGGCTCGCGTTA"	""	"TTCGTCCGGCTCG"	"cte-miR-375[5,18]"	NA
"MI0010085"	"cte-mir-315"	"UNCHANGED"	"TCACTTCCGGCGTCCACACCTTTTGATTGTTGCTCAGAAAGCCCTTTGTTTATCGAGTTGGCTTTCAAGTGACAATCAAGTTGTGAAGGATAGCCATGAGC"	"MIMAT0009541"	"cte-miR-315"	"TTTTGATTGTTGCTCAGAAAGCC"	""	"GATTGTTGCTCAG"	"cte-miR-315[5,18]"	NA
"MI0012127"	"cte-mir-2691"	NA	"CTACTGCAGGCCGACGGTGAGACTTCTGCAAAGCCGTGTCATTTGCAAATAACAGGTTTTGCAAAGTATCACAGCCTGTCTGCGGTAT"	"MIMAT0013545"	"cte-miR-2691-3p"	"TTTTGCAAAGTATCACAGCCTGT"	""	"GCAAAGTATCACA"	"cte-miR-2691-3p[5,18]"	NA
"MI0012143"	"cte-mir-2700"	"UNCHANGED"	"ATGCAGGGGTTCTGATTTTGCAAATTTCAGATTCATTGTCAAACTGCGACTCCCAATGAATCTTAATTTTGCAGATTTAGGACCCGTGGCT"	"MIMAT0013563"	"cte-miR-2700"	"TTTTGCAAATTTCAGATTCATT"	""	"GCAAATTTCAGAT"	"cte-miR-2700[5,18]"	NA
